text,sentiment
 Enjoying a beautiful day at the park!              ,positive
 Traffic was terrible this morning.                 ,negative
 Just finished an amazing workout! üí™               ,positive
 Excited about the upcoming weekend getaway!        ,positive
 Trying out a new recipe for dinner tonight.        ,neutral
 Feeling grateful for the little things in life.    ,positive
 Rainy days call for cozy blankets and hot cocoa.   ,positive
 The new movie release is a must-watch!             ,positive
 Political discussions heating up on the timeline.  ,negative
 Missing summer vibes and beach days.               ,neutral
 Just published a new blog post. Check it out!      ,positive
 Feeling a bit under the weather today.             ,negative
 Exploring the city's hidden gems.                  ,positive
" New year, new fitness goals! üí™                    ",positive
 Technology is changing the way we live.            ,neutral
 Reflecting on the past and looking ahead.          ,positive
 Just adopted a cute furry friend! üêæ              ,positive
 Late-night gaming session with friends.            ,positive
 Attending a virtual conference on AI.              ,neutral
 Winter blues got me feeling low.                   ,negative
 Sipping coffee and enjoying a good book.           ,positive
 Exploring the world of virtual reality.            ,positive
 Productive day ticking off my to-do list.          ,positive
 Just finished a challenging workout routine.       ,positive
 Celebrating a milestone at work! üéâ               ,positive
 Sunday brunch with friends.                        ,positive
 Learning a new language for personal growth.       ,positive
 Quiet evening with a good book.                    ,positive
 Reflecting on the importance of mental health.     ,positive
 New painting in progress! üé®                       ,positive
 Weekend road trip to explore scenic views.         ,positive
 Enjoying a cup of tea and watching the sunset.     ,positive
 Coding a new project with enthusiasm.              ,positive
 Feeling inspired after attending a workshop.       ,positive
 Winter sports day at the local park.               ,positive
 Quality time with family this weekend.             ,positive
 Attending a live music concert tonight.            ,positive
 Practicing mindfulness with meditation.            ,positive
 Trying out a new dessert recipe.                   ,positive
 Excited about the upcoming gaming tournament.      ,positive
 Planning a garden makeover for spring.             ,positive
 Celebrating a friend's birthday tonight! üéÇ       ,positive
 Feeling accomplished after a productive day.       ,positive
 A cozy evening with a good movie.                 ,positive
 Exploring local art galleries this weekend.        ,positive
 New book release from my favorite author!          ,positive
 Attending a virtual reality meetup.                ,positive
 Reflecting on the beauty of nature.                ,positive
 Cooking a special dinner for loved ones.           ,positive
 Feeling optimistic about the week ahead.           ,positive
 Starting a new fitness challenge tomorrow! üí™     ,positive
 Sunday bike ride through scenic trails.           ,positive
 Can't believe the injustice happening in our society.,other
 Feeling a sense of fear after watching a thriller movie. ,fear
 Heartbroken after hearing the news about a natural disaster. ,other
 The state of the world's environment is just disgusting. ,disgust
 Pure happiness: celebrating a loved one's achievement! ,happy
 Laughter is the best medicine‚Äîenjoying a comedy show. ,happy
 Sharing love and positive vibes with everyone! ‚ù§Ô∏è      ,love
 An amusing incident brightened up my day!               ,happy
 Enjoying a quiet evening with a book and some tea.      ,other
 Admiring the beauty of nature during a peaceful hike.   ,admiration
 Sending affectionate vibes to all my followers!          ,love
 Experiencing awe at the breathtaking sunset.            ,awe
 Disappointed with the service at a local restaurant.    ,disappointment
 A surprise gift from a friend made my day!              ,surprise
 Finding acceptance in the midst of life's challenges.   ,acceptance
 Overflowing with adoration for my adorable pet! üêæ      ,other
 Anticipating a thrilling adventure in the coming weeks. ,anticipation
 A bitter experience turned into a valuable lesson.      ,bitter
 Finding calmness in the midst of a busy day.            ,calmness
 Confusion clouds my mind as I navigate through decisions.,confusion
 Excitement building up for the upcoming vacation!       ,excitement
 Kindness witnessed today restored my faith in humanity. ,kind
 Pride in achieving a personal milestone.               ,pride
 A moment of shame for not standing up against injustice. ,shame
 Fuming with anger after a heated argument.            ,other
 The fear of the unknown is keeping me up at night.    ,fear
 Heartfelt sadness after bidding farewell to a dear friend. ,other
 The state of corruption in our society is utterly disgusting. ,disgust
 Overflowing happiness: welcoming a new family member!  ,happy
 Laughter is the key to joy‚Äîattending a stand-up comedy show. ,happy
 Sending love to all my followers on this beautiful day! ‚ù§Ô∏è ,love
 Amused by the antics of my pet‚Äîit's pure amusement!      ,happy
 Enjoying every moment of this trip‚Äîpure enjoyment!      ,other
 Admiring the dedication of volunteers at a local charity. ,admiration
 Sending affectionate vibes to friends and family.        ,love
 Awe-struck by the beauty of the night sky.               ,awe
 Disappointed with the lack of progress in a personal project. ,disappointment
 A surprise visit from an old friend brought tears of joy. ,surprise
 Embracing acceptance of life's ups and downs.           ,acceptance
 Overflowing adoration for a cute rescue puppy! üê∂       ,other
 Anticipating the release of a much-awaited movie.       ,anticipation
 Bitter experience at the customer service department.   ,bitter
 Finding calmness amidst the chaos of daily life.        ,calmness
 Confusion reigns as I try to make sense of recent events.,confusion
 Excitement building up for a surprise birthday party.   ,excitement
 Witnessed an act of kindness that made my day.          ,kind
 Pride in completing a challenging fitness challenge.    ,pride
 A moment of shame for not speaking up against injustice.,shame
 Reflecting on the beauty of diversity in our world.     ,acceptance
 Excitement for a quiet evening with a good book.        ,excitement
 Feeling bitter about the unfairness in the workplace.   ,bitter
 Calmness prevails as I practice mindfulness.            ,calmness
 Confusion surrounds me as I navigate through life's choices. ,confusion
 Excitement for a weekend road trip to explore new places. ,excitement
 Kindness witnessed today restores my faith in humanity.  ,kind
 Pride in accomplishing personal and professional goals.  ,pride
 Shame for not being true to my values in a difficult situation.,shame
" Revisiting old memories, feeling a sense of elation. ",elation
 The victory of our team brought euphoria to the city. ,happy
" Embracing the beauty of nature, a moment of contentment. ",calm
" Meditating by the serene lake, finding inner peace.   ",calm
 Overflowing with gratitude for life's blessings.      ,gratitude
" Hopeful for a brighter tomorrow, despite challenges.  ",hopeful
 Empowered to make a difference in my community.        ,empowerment
 Compassion in action: supporting a local charity event. ,compassion
" A moment of tenderness, connecting with loved ones.    ",tenderness
 Arousal of excitement as I await a special announcement.,arousal
 Enthusiastically diving into a new project.            ,enthusiasm
 Feeling a sense of fulfillment after reaching a milestone.,fulfillment
 Reverence for the beauty of a historic landmark.       ,reverence
 Elation after a surprise reunion with old friends.    ,elation
 The euphoria of a live music concert under the stars.  ,happy
 Contentment in the simplicity of a quiet Sunday.       ,calm
 Serenity found in the pages of a favorite book.        ,calm
 Gratitude for the support received during tough times. ,gratitude
 Hopeful about the possibilities of a new journey.      ,hopeful
 Empowerment through learning and personal growth.      ,empowerment
 Compassion towards those in need during the holidays.  ,compassion
 Tenderness in the warmth of a cozy winter evening.     ,tenderness
 Arousal of excitement for an upcoming adventure.       ,arousal
 Enthusiasm for a creative project in the making.       ,enthusiasm
 Fulfillment in completing a challenging workout routine.,fulfillment
 Reverence for the artistry displayed in a museum.      ,reverence
 Elation after achieving a personal goal.               ,elation
 Elation over discovering a hidden gem in the city.   ,elation
 The euphoria of a surprise birthday celebration.     ,happy
 Contentment in the simplicity of a home-cooked meal. ,calm
 Serenity found in the melody of a peaceful piano.    ,calm
 Gratitude for the supportive community around me.    ,gratitude
 Hopeful about the prospects of a new business venture.,hopeful
 Empowerment through mentoring and guiding others.    ,empowerment
 Compassion shown through acts of kindness in the community.,compassion
 Tenderness in a heartfelt message to a loved one.    ,tenderness
 Arousal of excitement before a much-awaited trip.    ,arousal
 Enthusiasm for a new artistic project in the works.  ,enthusiasm
 Feeling a sense of fulfillment after helping others. ,fulfillment
 Reverence for the historical significance of a landmark.,reverence
 Elation after achieving a fitness milestone.         ,elation
 The euphoria of a successful product launch.         ,happy
 Contentment in the embrace of a loved one.           ,calm
 Serenity found in the beauty of a sunset by the sea.  ,calm
 Gratitude for the small joys that each day brings.   ,gratitude
 Hopeful about the potential for personal growth.      ,hopeful
 Empowerment through learning a new skill.            ,empowerment
 Compassion in volunteering for a local charity.       ,compassion
 Tenderness in a quiet moment shared with a pet.      ,tenderness
 Arousal of excitement for an upcoming festival.       ,arousal
 Enthusiasm for a DIY home improvement project.       ,enthusiasm
 Fulfillment in completing a challenging puzzle.      ,fulfillment
 Reverence for the wonders of nature on a hiking trail.,reverence
 Elation after a surprise reunion with a childhood friend.,elation
 Suffering from despair after another setback.      ,sad
" Overwhelmed by grief, missing a loved one dearly.  ",sad
 Loneliness creeps in as the night grows colder.    ,sad
 Jealousy consumes me as I witness others' success. ,jealousy
 Resentment building up over past betrayals.        ,resentment
 Frustration mounts as obstacles block my path.     ,frustration
" Boredom sets in, the day feels endlessly dull.     ",boredom
" Anxiety grips my heart, worry clouds my thoughts.  ",fear
 Intimidation by the unknown future ahead.          ,fear
 Helplessness sinks in as challenges pile up.       ,other
 Envy eats away at me as I see others' prosperity.  ,jealousy
 Regret over missed opportunities haunts my thoughts.,regret
 Disgust at the sight of injustice and cruelty.     ,disgust
" Drowning in despair, hope slipping through my fingers.",sad
" Grief weighs heavy, tears a constant companion.    ",sad
" Loneliness in a crowded room, a silent cry for connection.",sad
" Jealousy gnaws at my confidence, a toxic emotion.  ",jealousy
" Resentment festers, poisoning relationships.       ",resentment
" Frustration boils over, a volcanic eruption of emotions.",frustration
" Boredom settles like dust, life feels mundane.     ",boredom
" Anxiety grips my chest, a relentless grip on my thoughts.",fear
" Intimidation by the challenges ahead, fear takes hold.",fear
" Helplessness engulfs me, drowning in a sea of problems.",other
" Envy poisons my thoughts, coveting others' success.",jealousy
 Regret for decisions that led to a painful present.,regret
 Disgust at the corruption that stains society.     ,disgust
" Sinking in despair, each day darker than the last. ",sad
" Grief overwhelms, a storm of emotions within.      ",sad
" Loneliness echoes in empty spaces, yearning for connection.",sad
" Jealousy poisons my thoughts, resentment brewing within.",jealousy
" Resentment festers, a wound that refuses to heal.  ",resentment
" Frustration escalates, a thunderstorm of emotions. ",frustration
" Boredom lingers, a stagnant pool of indifference.  ",boredom
" Embarking on a journey of discovery, fueled by curiosity and a thirst for knowledge. ",curiosity
" Lost in the vast sea of information, an indifferent wave in the digital ocean. ",indifference
" The complex puzzle of life leaves me in a state of perpetual confusion, seeking answers in the chaos. ",confusion
" A numbness settles over me, a shield against the overwhelming emotions life throws my way. ",numbness
" Gazing at the sunset, a melancholic longing for moments that slip through the fingers of time. ",sad
" Revisiting old photographs, caught in the embrace of nostalgia's bittersweet symphony. ",nostalgia
" Torn between conflicting emotions, an ambivalence that paints my decisions in shades of uncertainty. ",ambivalence
" Embracing the ebb and flow of life, finding acceptance in the dance of existence. ",acceptance
" Facing challenges head-on, a determination that fuels the fire within to achieve the impossible. ",determination
" Serenity found in the stillness of nature, a tranquil retreat from the chaos of the modern world. ",calm
" Curiosity leading me down the rabbit hole of knowledge, a perpetual student in life's classroom. ",curiosity
" Floating through the day with an air of indifference, detached from the mundane happenings around. ",indifference
" Entangled in the web of thoughts, confusion reigning as I navigate the labyrinth of ideas. ",confusion
" Numb to the chaos, emotions locked away, a stoic facade concealing the inner turmoil. ",numbness
" Melancholy whispers in the breeze, a silent conversation with the echoes of forgotten dreams. ",sad
" Stumbling upon an old journal, nostalgia flooding in waves, carrying me to moments long gone. ",nostalgia
" A tapestry of conflicting feelings, weaving through uncertainty, caught in the threads of ambivalence. ",ambivalence
" Embracing the flaws, finding acceptance in imperfection, a journey towards self-love. ",acceptance
" Determination burning like a wildfire, overcoming obstacles, turning dreams into reality. ",determination
" Tranquil moments by the ocean, serenity washing over, a peaceful retreat within the waves' embrace. ",calm
" Exploring new horizons with the spark of curiosity, an adventurer in the vast landscape of knowledge. ",curiosity
" Drifting through the day with a nonchalant demeanor, embracing the art of indifference. ",indifference
" Wrestling with thoughts, a perplexed mind lost in the labyrinth of life's complexities. ",confusion
" Immersed in a state of emotional numbness, a shield against the storm of daily struggles. ",numbness
" A melancholic symphony playing in the background, the soundtrack of a wistful heart. ",sad
" Flipping through the pages of an old yearbook, nostalgia painting smiles and tears on my face. ",nostalgia
" Torn between opposing emotions, an ambivalence that colors my decisions with shades of uncertainty. ",ambivalence
" Embracing life's imperfections, finding acceptance in the journey, scars and all. ",acceptance
" A fiery determination burning within, fueled by the vision of reaching unparalleled heights. ",determination
" Basking in the serenity of a quiet forest, where the whispers of nature bring peace to the soul. ",calm
" Indifferent to the noise of the world, a silent observer in the midst of life's cacophony. ",indifference
" Navigating through the labyrinth of thoughts, confusion a constant companion in the maze of ideas. ",confusion
" An impenetrable numbness shields me from the emotional storms, a fortress of stoic resilience. ",numbness
" Melancholy painting the world in hues of nostalgia, a canvas of bittersweet memories. ",sad
" A journey into the past, flipping through the pages of an old diary, nostalgia taking the lead. ",nostalgia
" Ambivalence clouding decisions, caught in the crossroads of conflicting emotions. ",ambivalence
" Embracing imperfections, finding acceptance in the mosaic of life's beautiful chaos. ",acceptance
" Determination as the driving force, propelling me forward on the path to extraordinary achievements. ",determination
" Seeking serenity in the melody of raindrops, a tranquil escape from the noise of everyday life. ",calm
" Curiosity driving the exploration of the unknown, a seeker of knowledge in uncharted territories. ",curiosity
" Drifting through the day with an air of nonchalance, indifferent to the trivialities of life. ",indifference
" Lost in the labyrinth of thoughts, confusion casting shadows on the quest for clarity. ",confusion
" Wrapped in the cloak of emotional numbness, a shield against the storms of life's turbulence. ",numbness
" Melancholy as a companion, painting the canvas of life with the brushstrokes of wistful yearning. ",sad
" Leafing through the pages of an old photo album, nostalgia weaving tales of laughter and tears. ",nostalgia
" Ambivalence in the air, caught between the crossroads of conflicting emotions and decisions. ",ambivalence
" Embracing the beauty in imperfections, finding acceptance in the mosaic of life's unpredictable art. ",acceptance
" Determination ablaze, forging a path through challenges, sculpting dreams into tangible realities. ",determination
" Immerse in the serenity of a moonlit night, where the quiet whispers of nature bring peace to the soul. ",calm
" Fueled by curiosity, venturing into uncharted realms, a fearless explorer of the mysteries of the world. ",curiosity
"Wrapped in the cloak of emotional numbness, a shield against the storms of life's turbulence. ",numbness
" Dancing through life with the exuberance of a carefree spirit, embracing joy and zest at every turn. ",other
" Basking in the golden glow of contentment, a serene river flowing through the landscape of the heart. ",calm
" Gazing towards the horizon with hopeful eyes, painting a canvas of dreams illuminated by the sun of optimism. ",hopeful
" Standing tall, proud as an oak, the branches of achievement reaching towards the sky of accomplishment. ",other
" A heart overflowing with gratitude, a garden where appreciation blooms in the soil of kindness and connection. ",grateful
" Extending a hand, empathetic threads weaving a tapestry of understanding, embracing the joys and sorrows of others. ",other
" Compassionate clouds, heavy with care, showering empathy on the parched grounds of human suffering. ",other
" Playfully dancing in the rain of laughter, a whimsical spirit twirling in the puddles of joy and lightheartedness. ",playful
" Soaring on the wings of a free spirit, unburdened by the chains of conformity, painting the sky with independence. ",other
" Bathed in the glow of inspiration, a creative phoenix rising from the ashes of ordinary thoughts to explore new realms. ",inspired
" Navigating the sea of hope, sailing towards the sunrise of possibilities, confident in the ship of positive anticipation. ",hopeful
" Striding with confidence, footprints of self-assuredness imprinted on the sands of challenges conquered and victories claimed. ",other
" Lost in the symphony of the night, a moonlit serenade that whispers tales of wanderlust and moonlit dreams. ",calm
" Unveiling the layers of curiosity, a labyrinth of questions leading to the treasure troves of undiscovered knowledge. ",curiosity
" In the embrace of the autumn breeze, leaves of ambivalence dancing in a waltz between choices and uncertainties. ",ambivalence
" Gratitude as a guiding star, navigating the constellation of blessings in the vast universe of life's precious moments. ",grateful
" With a zestful heart, sprinting through fields of enthusiasm, chasing sunbeams and laughter in the meadows of joy. ",other
" A compassionate rain, tears of empathy falling gently, nurturing the seeds of kindness in the garden of human connections. ",other
" Proudly scaling the peaks of achievement, a mountaineer conquering challenges and planting the flag of success. ",other
" Embraced by the hopeful dawn, a gardener sowing seeds of optimism, tending to the blooms of a brighter tomorrow. ",hopeful
" A playful escapade in the carnival of life, carousel laughter and cotton candy dreams swirling in the joyous atmosphere. ",playful
" Floating on clouds of inspiration, an artist painting the sky with strokes of creativity, creating a masterpiece of dreams. ",inspired
" Navigating the river of contentment, a serene boat cruise through the tranquil waters of inner peace and acceptance. ",calm
" With empathy as a lantern, wandering through the dark alleys of sorrow, illuminating the path with compassion and care. ",other
" A free spirit soaring on the wings of dreams, leaving trails of independence in the azure sky of boundless possibilities. ",other
" Bathed in the golden hues of gratefulness, a sunset of appreciation casting its warm glow on the landscapes of the heart. ",grateful
" Confident strides in the dance of life, a ballroom where self-assuredness leads, twirling through challenges with grace. ",other
" Hopeful whispers of wind, carrying the promises of a brighter tomorrow, a symphony of optimism in the air of possibilities. ",hopeful
" Playfully juggling responsibilities, a circus performer balancing the acts of work and joy, tossing laughter into the air. ",playful
" Whispering tales of inspiration to the stars, a storyteller crafting constellations from the threads of imagination. ",inspired
" Charting a course through the waves of hopeful anticipation, a sailor steering towards the shores of dreams yet unexplored. ",hopeful
" Drowning in the abyss of despair, a heart shattered into fragments, lost in the echoing silence of hopelessness. ",sad
" Bitterness festering like a venomous vine, entwining the soul in a web of resentment, poisoning the garden of peace. ",bitterness
" Wandering through the desert of loneliness, each step a heavy sigh, mirages of connection shimmering but never materializing. ",sad
" Yearning for a touch that's not there, echoes of a distant warmth haunting the heart in the cold embrace of solitude. ",other
" Eyes wide open in the night, fearful shadows dancing on the walls, the mind a prisoner of imagined horrors. ",fearful
" Apprehensive steps on the tightrope of uncertainty, a balancing act where the fall seems inevitable, anxiety a constant companion. ",other
" Overwhelmed by the weight of the world, Atlas with trembling shoulders, each responsibility a boulder in the landscape of exhaustion. ",overwhelmed
" Jealousy, a green-eyed monster, lurking in the shadows, casting a dark cloud over the sunshine of others' success. ",jealous
" Devastated by the storm of betrayal, the wreckage of trust scattered like debris, a heart torn by the winds of broken promises. ",devastated
" Frustrated fingers tapping on the keyboard, a symphony of annoyance composing an unsolvable puzzle of unmet expectations. ",frustrated
" Envious eyes fixated on the gilded prize, a heartache fueled by the painful desire for possessions that seem forever out of reach. ",envious
" Dismissive glances, a fortress built with indifference, walls impenetrable to the pleas of understanding and recognition. ",other
" Shattered dreams lie on the floor like fragments of glass, a mosaic of disappointment crafted by the hands of frustration. ",frustrated
" Loneliness, a silent companion in the night, the only echo in the chamber of solitude, a heart's solitary nocturne. ",sad
" Fearful whispers in the dark, the mind haunted by the specter of the unknown, shadows dancing to the rhythm of anxiety's tune. ",fearful
" Bitterness, a bitter aftertaste lingering on the tongue, each word a reminder of wounds that refuse to heal with the passing of time. ",bitterness
" Overwhelmed by the cacophony of expectations, a drowning soul in the tempest of pressure, struggling to stay afloat. ",overwhelmed
" Jealousy, a venom that seeps through the veins, poisoning the heart and turning it into a breeding ground for discontent. ",jealous
" Devastated by the revelation of betrayal, the trust shattered like fragile glass, leaving shards of pain in its wake. ",devastated
" Frustrated attempts to mend a broken connection, the threads of understanding slipping through the fingers like grains of sand. ",frustrated
" Envious gazes cast upon the podium of success, a bitter pill swallowed, the taste lingering as a constant reminder of unattained heights. ",envious
" Dismissive gestures, a curtain drawn to shield the vulnerability, a stage where emotions take a backseat to the performance of indifference. ",other
" Despair like a heavy fog, enveloping every thought, blurring the path ahead, a journey in the labyrinth of utter hopelessness. ",sad
" Bitterness, a bitter chill in the air, freezing moments into icicles of resentment that dangle precariously over the landscape of memory. ",bitterness
" Loneliness, a solitary moon in a starless sky, casting a cold glow on the landscape of isolation, where echoes bounce in empty spaces. ",sad
" Yearning for the warmth of a vanished sun, a heartache painted in the hues of a sunset that never graced the horizon. ",other
" Fearful eyes scanning the shadows, a prisoner of the night, terrorized by the lurking monsters born from the mind's darkest corners. ",fearful
" Apprehensive whispers in the wind, a forecast of uncertainty, the mind's weather vane spinning wildly in the storm of doubt. ",other
" Overwhelmed by the maze of expectations, a minotaur of pressure lurking in the labyrinth, waiting to devour the spirit of resilience. ",overwhelmed
" Jealousy, a festering wound, the pain intensifying with each glance at the garden of others' achievements, blooming beyond the fence. ",jealous
" Devastated, a heart in ruins, the echoes of shattered dreams reverberating in the chambers, a requiem for what once was whole. ",devastated
" Frustrated attempts to untangle the knot of confusion, the threads of understanding slipping further into the labyrinth of miscommunication. ",frustrated
" Envious eyes locked on the treasure chest of opportunities, a heartache fueled by the desire for keys that seem forever elusive. ",envious
Awe-struck by the breathtaking sunrise over the mountains.      ,awe
Navigating through the challenges with determination.          ,determination
Nostalgia hits while flipping through an old photo album.     ,nostalgia
Thrilled to witness the grandeur of a cultural festival.       ,thrill
Calmness found in the rhythm of raindrops on the windowpane.   ,calmness
Overwhelmed by the support received during a personal challenge.,overwhelmed
Excitement builds as the countdown to a long-awaited vacation begins. ,excitement
"Reflecting on life's journey, grateful for the lessons learned. ",gratitude
Bittersweet emotions arise while bidding farewell to a dear friend. ,other
Curiosity sparked by exploring a mysterious ancient ruin.      ,curiosity
Admiration for the intricate details of a handcrafted masterpiece. ,admiration
Overjoyed by the warmth of a cozy fireplace on a winter evening.   ,other
Inspiration strikes while observing the colors of a vibrant sunset.,inspiration
Motivated to achieve fitness goals after an invigorating workout.  ,other
Gratitude for the simple joys found in a cup of morning coffee.    ,gratitude
Feeling empowered after conquering a challenging hiking trail.     ,empowerment
Amused by the antics of playful kittens during playtime.           ,happy
Contemplating life's mysteries under the starry night sky.         ,other
Joyful reunion with long-lost friends after years of separation.   ,other
Excitement builds while preparing for a surprise celebration.     ,excitement
Satisfaction derived from successfully completing a DIY project.  ,satisfaction
Feeling blessed for the supportive community in times of need.    ,other
Captivated by the serenity of a tranquil garden in full bloom.     ,calm
Anticipation for an upcoming adventure in an exotic destination.   ,anticipation
Reflecting on personal growth achieved through life experiences.  ,reflection
Nostalgic memories flood in while revisiting childhood favorites. ,nostalgia
Appreciation for the vibrant culture experienced during travel.   ,other
Confidence soars after overcoming public speaking anxiety.       ,other
Contentment in the midst of a family gathering filled with laughter. ,calm
Enthusiasm for learning new skills and expanding knowledge.      ,enthusiasm
Surprise and delight at discovering a hidden gem in the city.    ,surprise
A sense of accomplishment after completing a challenging workout.,accomplishment
Wonderment at the beauty of a double rainbow after the rain.     ,other
Optimism for a bright future amidst challenging times.           ,other
Pride in achieving a personal milestone in career progression.   ,pride
Happiness blooms like flowers in a garden on a sunny day.        ,happy
Elation over discovering a rare book in a quaint bookstore.      ,elation
Curiosity piqued by the mysteries of an ancient archaeological site.,curiosity
Mesmerized by the cosmic dance of fireflies on a moonlit night.    ,enchantment
Intrigued by the symphony of colors in an abstract art exhibition. ,other
Giggles and joy echo in the air during a children's playdate.      ,other
Enveloped in serenity while practicing mindfulness by the lake.    ,other
Chasing dreams like a kite soaring high in the vast open sky.      ,other
Spellbound by the elegance of a ballroom dance under crystal chandeliers. ,other
Whimsical delight in a world of fairy tales and magical creatures.  ,other
Pensive contemplation amid the ancient ruins of a forgotten civilization. ,other
Embracing the thrill of speed on a rollercoaster's exhilarating twists. ,thrill
Harmony resonates as musicians play a melody of unity and togetherness. ,harmony
A burst of creativity in the quiet solitude of an artist's studio.  ,creativity
Radiant joy akin to blooming flowers on a sun-kissed spring morning. ,other
A sense of wonder at the vastness of the cosmos on a stargazing night. ,wonder
Rejuvenated by the salty breeze and the sound of waves at the seaside. ,other
Whispers of inspiration from the rustling leaves in a serene forest. ,inspiration
Savoring the warmth of a cup of cocoa on a chilly winter evening.   ,other
Heartfelt gratitude for the laughter shared during a family reunion. ,gratitude
"Embarking on a culinary adventure, savoring exotic flavors around the world. ",adventure
Euphoria floods in as the final puzzle piece clicks into place.       ,happy
Awe-inspired by the grandeur of an ancient cathedral's intricate architecture. ,awe
Captivated by the ethereal beauty of a field filled with fireflies. ,enchantment
Immersed in the enchanting melodies of a street musician's violin. ,other
Joyful laughter resonates through a lively summer carnival.         ,other
Exploring the universe within during a mindful meditation session. ,other
Soaring like a free spirit on the winds of a coastal cliff.        ,other
Dazzled by the elegance of a masquerade ball's dazzling costumes. ,other
Whimsical delight in a world of whimsical fairy tales.             ,other
Reflective contemplation amid the ruins of a forgotten era.        ,reflection
Riding the adrenaline rush on a rollercoaster's wild twists.      ,other
Harmony resonates as musicians play a symphony of unity.           ,harmony
A burst of artistic creativity in the quietude of an artist's studio. ,other
Radiant joy akin to blossoming flowers on a sunlit spring morning. ,other
Awe-inspired by the vastness of the cosmos on a stargazing night.   ,wonder
Whispers of inspiration from the rustling leaves in a serene forest. ,inspiration
"Embarking on a culinary odyssey, savoring flavors around the world. ",other
Euphoria floods in as the final puzzle piece fits perfectly.       ,happy
Awe-struck by the grandeur of an ancient cathedral's intricate architecture. ,awe
Curiosity awakened by the mysteries of an ancient archaeological site. ,curiosity
Giddy with excitement as the first snowflakes dance from the sky. ,excitement
Contentment envelops as the aroma of freshly baked bread fills the air. ,calm
Inspired by the resilience of a lone tree standing tall in a storm. ,other
"Lost in the pages of a captivating novel, transported to another world. ",other
Drenched in nostalgia while flipping through an old family photo album. ,nostalgia
Spark of inspiration ignites like a shooting star in the night sky. ,other
Imbued with gratitude for the simple pleasure of a warm cup of tea. ,gratitude
Marveling at the kaleidoscope of colors in a vibrant street market. ,other
Awash with serenity as the sun sets over a tranquil lakeside retreat. ,calm
Drowning in sorrow as memories of lost love resurface.            ,heartbreak
Numbness sets in as the weight of loneliness grows heavier.       ,sad
"Tears fall like raindrops, mourning the end of a cherished friendship. ",sad
"Despair clouds the mind, feeling adrift in an endless sea of darkness. ",sad
"Shattered by betrayal, trust crumbles like fragile glass.          ",betrayal
"Aching heart, the symphony of pain plays in the silence of solitude. ",other
"Emotional storm, a whirlwind of sadness engulfs every thought.    ",other
"Haunted by regrets, the ghost of the past lingers relentlessly.   ",regret
"Torn apart by grief, the echoes of loss reverberate through the soul. ",sad
"Isolation deepens, an emotional winter where warmth is but a distant memory. ",other
"Soul-crushing disappointment, hopes shattered like fragile glass. ",disappointment
"Painful echoes of a love once cherished, now lost in the abyss of time. ",other
"Heartache deepens, a solitary journey through the abyss of despair. ",sad
"Melancholy lingers, a bittersweet serenade in the quietude of solitude. ",sad
"Bitterness like a poison, seeping into every crevice of the wounded heart. ",bitterness
"Emotional exhaustion, the weight of the world crushing weary shoulders. ",other
"Sorrowful echoes, a symphony of pain played by the strings of loss. ",other
"Darkness descends, engulfing the soul in the shadows of despair.  ",other
"Desperation whispers, the silent plea for a glimmer of hope in the abyss. ",other
"Heart in ruins, the remnants of shattered dreams scattered in the wind. ",other
"Shattered by the echoes of a shattered dream, fragments of hope scattered. ",desolation
"Avoiding the thorns of regret, walking barefoot on the path of remorse. ",regret
"In the labyrinth of grief, the walls echo with the footsteps of lost joy. ",sad
"A soul adrift in the sea of solitude, waves of loneliness crashing relentlessly. ",sad
"The bitterness of betrayal, a taste that lingers, staining the palate of trust. ",bitterness
"In the ruins of hope, echoes of shattered dreams whisper tales of loss. ",desolation
"Sinking like a stone in the ocean of heartbreak, each ripple a sigh of despair. ",heartbreak
"Tears, the ink staining the pages of a journal, a testament to silent grief. ",sad
"In the wasteland of lost trust, the echoes of broken promises reverberate. ",betrayal
"Avoiding the shards of shattered dreams, walking the tightrope of resilience. ",other
"Suffocating in the silence of solitude, where echoes of laughter once thrived. ",other
"Haunted by the specter of lost possibilities, a ghost that refuses to fade away. ",regret
"In the labyrinth of despair, the echoes of a broken heart reverberate endlessly. ",sad
"Sinking like autumn leaves in the river of sorrow, carried away by the current. ",other
"In the garden of broken dreams, petals fall, a silent testimony to shattered hopes. ",desolation
"Tears, the currency of grief, spent in the marketplace of lost love and longing. ",sad
"Wandering in the maze of betrayal, the walls closing in with every wrong turn. ",betrayal
"A soul weathered by the storm of heartbreak, seeking refuge in the calm after. ",heartbreak
"In the tapestry of despair, threads of hope unravel, leaving a portrait of sorrow. ",sad
"Like a withered rose in the garden of love, petals fall, a silent surrender to time. ",other
"In the void of heartache, echoes of a love song play, each note a pang of longing. ",other
"Nostalgia, a bittersweet dance in the moonlit ballroom of cherished memories. ",nostalgia
"In the symphony of grief, each tear is a note, composing a melancholic melody. ",sad
"Betrayal, a venomous serpent slithering through the garden of trust, poisoning roots. ",betrayal
"Sinking in the quicksand of despair, the harder you fight, the deeper you descend. ",sad
"Wandering through the cemetery of lost dreams, tombstones marking untold sorrows. ",desolation
"Swept away by the river of regret, the currents of the past refusing to release. ",regret
"Whispers of lost love linger in the attic of the heart, forgotten but not erased. ",other
"In the gallery of broken promises, each shattered vow framed, a painful exhibition. ",betrayal
"The echoes of solitude, a silent conversation between a soul and its shadows. ",other
"Dancing on sunshine, each step a celebration of the joy found in simple moments. ",happy
"Laughter echoes in the air, a chorus of happiness that lifts the spirit higher. ",happy
"In the garden of contentment, each bloom whispers tales of inner peace and joy. ",calm
"Chasing dreams under the vibrant sky, a journey fueled by hope and enthusiasm. ",enthusiasm
"Serenading the stars with a heart full of gratitude, a melody of thankfulness. ",gratitude
"Basking in the glow of accomplishment, each milestone a stepping stone to happiness. ",accomplishment
"In the dance of positivity, every step is a rhythm, uplifting the soul in harmony. ",other
"Overflowing with joy, a cup of laughter shared with friends, a moment cherished. ",happy
"Draped in the warmth of kindness, a quilt of compassion stitched with love. ",other
"In the garden of friendships, each bloom a testament to the beauty of camaraderie. ",other
"In the embrace of love, each heartbeat is a melody, dancing to the rhythm of affection. ",love
"Surrounded by the colors of joy, a canvas painted with laughter and endless smiles. ",happy
"In the symphony of excitement, each note is a burst of energy, igniting the soul with fervor. ",excitement
"A surprise gift, wrapped in anticipation, unfolds a moment of delight and wonder. ",surprise
"Lost in the maze of curiosity, each twist and turn unveils the treasures of discovery. ",curiosity
"Floating on clouds of gratitude, each raindrop a blessing, a shower of thankfulness. ",gratitude
"Like a comet of inspiration, streaking through the sky of creativity, leaving trails of brilliance. ",inspiration
"In the celebration of success, fireworks of accomplishment light up the night sky of triumph. ",other
"A symphony of laughter, each note a key to unlocking the door of boundless happiness. ",happy
"In the carnival of emotions, the rollercoaster of thrill sends the heart on a wild ride. ",thrill
"Standing before the grandeur of the Eiffel Tower, a moment to reflect on the beauty of Parisian dreams. ",reflection
"Lost in the enchantment of Disneyland, each ride a journey into the realm of childhood fantasies. ",enchantment
"Exploring the wonders of Ferrari World, the roar of engines creating a symphony of speed. ",excitement
"Amidst the tulip fields of Keukenhof, a tapestry of colors that paints the soul with springtime joy. ",happy
"Wandering through the historical streets of Kyoto, each step a journey into the heart of Japan's traditions. ",other
"In the embrace of the Grand Canyon, nature's masterpiece, a moment to marvel at Earth's grandeur. ",awe
"Journeying through the serenity of Santorini, where each sunset paints the sky with hues of tranquility. ",calm
"Amazed by the architectural marvels of Petra, each stone telling tales of an ancient civilization. ",other
"Embarking on a gondola ride in Venice, each canal reflecting the romance of this timeless city. ",other
"At the summit of Machu Picchu, a breathtaking panorama that whispers the secrets of ancient civilizations. ",awe
"In the heart of New York City, Times Square dazzles with lights, a vibrant spectacle of urban energy. ",excitement
"Captivated by the historical charm of the Colosseum, each stone echoing tales of gladiator valor. ",other
"Sailing the azure waters of the Maldives, each wave a whisper of serenity in paradise. ",calm
"In the midst of the Amazon rainforest, a symphony of wildlife creates an orchestra of nature's wonders. ",wonder
"Walking the Great Wall of China, each step a testament to ancient engineering marvels. ",awe
"At the summit of Mount Fuji, a breathtaking sunrise that paints the sky with hues of accomplishment. ",accomplishment
"Exploring the ancient ruins of Angkor Wat, each stone whispering stories of Khmer civilization. ",other
"Skiing down the slopes of the Swiss Alps, each turn a dance with the majesty of snow-capped peaks. ",adventure
"In the tranquility of Kyoto's bamboo forest, whispers of ancient Zen wisdom echo through the groves. ",other
"Cruising the fjords of Norway, each icy landscape a breathtaking masterpiece of nature's grandeur. ",other
"At the front row of Adele's concert, each note of 'Someone Like You' resonates with soul-stirring emotion. ",other
"Dancing under the stars at Beyonc√©'s live show, feeling the power of 'Single Ladies' in every move. ",other
"In the crowd of a Taylor Swift concert, the lyrics of 'Love Story' create an enchanting fairy tale. ",enchantment
"Rocking out to the guitar solos at a Queen tribute concert, a journey back in time with Freddie's spirit. ",nostalgia
"Swaying to Ed Sheeran's acoustic melodies, a serene evening filled with 'Perfect' moments. ",calm
"Immersed in the pulsating beats of a Bruno Mars concert, where 'Uptown Funk' becomes a city of joy. ",happy
"At a Michael Jackson tribute show, moonwalking through the hits, a celebration of the King of Pop. ",other
"Swinging to the rhythms of a Frank Sinatra tribute, feeling the timeless charm of 'Fly Me to the Moon'. ",other
"In the mosh pit of a Metallica concert, the thunderous chords create a symphony of headbanging ecstasy. ",other
"Experiencing the magic of a Coldplay concert, where 'Fix You' becomes a beacon of hope in the night. ",hopeful
"At a Justin Bieber concert, the infectious beats of 'Baby' create a dance floor of unbridled enthusiasm. ",enthusiasm
"In the spotlight at a Lady Gaga show, each costume change is a metamorphosis of creativity and artistry. ",creativity
"Immersed in the soulful melodies of Adele, tears flow freely, moved by the emotion of 'Hello'. ",other
"Drenched in confetti at a Katy Perry concert, a kaleidoscope of colors igniting the night sky. ",other
"In the audience of a Jay-Z performance, the lyrics of 'Empire State of Mind' become an anthem of pride. ",pride
"Dancing to Shakira's rhythmic beats, hips swaying to the hypnotic charm of 'Hips Don't Lie'. ",other
"At a U2 concert, the anthemic chords of 'With or Without You' create a timeless moment of connection. ",other
"Rocking out at a Guns N' Roses show, the iconic riffs of 'Sweet Child o' Mine' echoing in the night. ",other
"In the crowd of an Ariana Grande concert, the high notes of 'Into You' create a euphoric symphony. ",happy
"Swaying to the reggae vibes of Bob Marley's tribute concert, each chord a journey to Jamaica's soul. ",other
"Captivated by the spellbinding plot twists, the audience applauds, experiencing a rollercoaster of emotions at the movie premiere. ",excitement
"As the credits roll, a profound sense of nostalgia washes over, reminiscent of cherished moments in classic films. ",nostalgia
"Streaming the latest web series, the viewer is engrossed in the characters' journey, feeling a sense of connection and empathy. ",other
"At the film festival, the indie filmmaker's creation receives a standing ovation, evoking pride and a sense of accomplishment. ",pride
"Watching a heartwarming family drama, tears flow freely as the characters overcome challenges, leaving the viewer with a warm glow. ",other
"At the Oscars, the actor graciously accepts an award, radiating joy and gratitude for the recognition of their outstanding performance. ",gratitude
"Discovering a hidden gem in the world of documentaries, the viewer is enlightened and inspired, feeling a renewed sense of curiosity. ",inspiration
"As the movie credits roll, the viewer experiences a mix of awe and contemplation, pondering the deeper meanings woven into the storyline. ",other
"Binge-watching a thrilling crime series, the suspense keeps the viewer on the edge of their seat, creating a rush of adrenaline. ",other
"As the closing scene unfolds, a sense of satisfaction washes over, completing the cinematic journey with a profound and fulfilling ending. ",satisfaction
"Celebrating a historic victory in the World Cup, the nation erupts in joy, united by the triumph of their football team. ",happy
"At the Olympics, the athlete's perseverance shines through, earning a gold medal and inspiring a generation with their remarkable achievement. ",inspiration
"In the cricket championship, a nail-biting finish leaves fans on the edge of their seats, experiencing a rollercoaster of emotions. ",excitement
"Witnessing a record-breaking marathon, spectators are filled with awe and admiration for the endurance and dedication of the runners. ",admiration
"In the tennis grand slam, a fierce rivalry unfolds, captivating fans with a display of skill and sportsmanship on the world stage. ",other
"Cheering for the underdog in the basketball finals, the crowd erupts in applause as the team defies odds to claim the championship title. ",other
"At the golf tournament, the golfer's precision and focus lead to a stunning victory, leaving spectators in awe of their exceptional skill. ",awe
"Experiencing the thrill of a high-speed Formula 1 race, fans are on the edge of their seats as drivers compete for the championship. ",thrill
"In the cycling world championship, the climber conquers challenging terrains, symbolizing determination and achievement against all odds. ",determination
"Witnessing a heartwarming comeback in the hockey finals, fans share tears of joy as the team secures a historic victory after adversity. ",other
"After a series of defeats, the soccer team faces disappointment, struggling to find the silver lining in a challenging season. ",disappointment
"In the tennis tournament, a highly anticipated player experiences a setback, leaving fans in shock and questioning the unforeseen turn of events. ",frustration
"Facing a defeat in the championship, the boxer reflects on the challenges, vowing to return stronger and more determined in the next bout. ",reflection
"In the midst of a cycling race, a tire blowout leads to frustration for the cyclist, who valiantly tries to overcome the unexpected obstacle. ",other
"The gymnast's unexpected fall during a routine sparks a wave of sympathy from the audience, highlighting the vulnerability of sports. ",other
"In the golf tournament, a missed crucial putt results in defeat, causing the golfer to reflect on the pressure of high-stakes competition. ",other
"Experiencing a series of losses in the basketball season, the team grapples with frustration, determined to turn the tide with renewed effort. ",other
"Despite meticulous training, the swimmer faces disappointment as a split-second miscalculation costs them the lead in a crucial race. ",other
"The weightlifter's failed attempt at a personal record results in frustration, highlighting the challenging nature of pushing physical limits. ",other
"In the midst of a soccer match, an unexpected own goal creates a moment of despair for the player, as teammates console and encourage them. ",sad
"In the serene beauty of a sunset, nature unfolds a canvas of colors, evoking a sense of tranquility and wonder. ",other
"Embarking on a spontaneous road trip, the traveler discovers hidden gems, creating memories that will be cherished for a lifetime. ",adventure
"Amidst the bustling city, a quiet caf√© becomes a sanctuary for reflection, where a cup of coffee brings solace to the wandering mind. ",other
"Exploring the vibrant street art of a cultural neighborhood, each mural tells a story, infusing the city with creativity and expression. ",creativity
"In the world of science, a breakthrough discovery unfolds, pushing the boundaries of knowledge and opening new frontiers of exploration. ",other
"Connecting with the melody of a live orchestra, the music enthusiast experiences a symphony that resonates deep within the soul. ",harmony
"Embracing the aroma of freshly baked bread, the home chef finds joy in the art of baking, creating delicious memories for loved ones. ",other
"Wandering through a historical museum, the history enthusiast becomes immersed in the tales of the past, envisioning bygone eras. ",other
"In the realm of literature, a captivating novel transports the reader to distant lands, weaving a tapestry of imagination and escape. ",creativity
"Capturing the essence of a bustling market, the photographer freezes moments in time, each frame telling a unique and vibrant story. ",other
"Underneath the city lights, the dancer expresses emotions through graceful movements, creating a mesmerizing performance under the night sky. ",other
"In the heart of a bustling market, the street food connoisseur indulges in a culinary adventure, savoring diverse flavors and aromas. ",other
"As the first snowflake descends, the winter enthusiast eagerly prepares for a season of frosty delights, anticipating the magic of snow-covered landscapes. ",wonder
"Amidst the pages of a captivating mystery novel, the reader unravels clues and secrets, experiencing a thrilling journey of suspense and revelation. ",excitement
"Surrounded by the vibrant colors of a flower garden, the gardener nurtures blossoms, finding joy in the beauty of nature's ever-changing canvas. ",awe
"At the astronomy observatory, the stargazer marvels at the vastness of the cosmos, contemplating the mysteries hidden within the celestial expanse. ",awe
"Engulfed in the aroma of freshly brewed coffee, the writer finds inspiration in every sip, embarking on a journey of creativity and prose. ",inspiration
"In the realm of fashion, the designer unveils a collection that tells a story, blending innovation and tradition on the runway of creativity. ",creativity
"As the waves crash against the shore, the surfer embraces the thrill of riding the ocean's energy, capturing the essence of freedom in each wave. ",other
"Exploring the historical architecture of an ancient city, the traveler is transported to a bygone era, where each monument whispers tales of the past. ",nostalgia
Successfully avoided eye contact with my crush in the hallway. Mission accomplished. #TeenCrush #StealthMode ,excitement
Ran out of snacks during a movie marathon. Crisis level: Emergency! #MovieNightStruggles #TeenProblems ,boredom
Spent an hour choosing the perfect filter for a selfie. The struggle for that Instagram aesthetic is real. #SelfieQueen #TeenVibes ,happy
Lost my headphones again. How do they vanish into thin air? #HeadphoneMystery #TeenLife ,frustration
Decided to study for exams but ended up making memes about studying instead. Procrastination level: Expert. #ProcrastinationNation #TeenConfessions ,surprise
"Got dressed for the day, then remembered it's Saturday. Oops. #WeekendVibes #TeenStruggles ",indifference
Survived a group project without any drama. Miracles do happen. #GroupProjectSuccess #TeenAchievements ,satisfaction
"Entered the kitchen with the intention to cook. Left with a bag of chips. Cooking is overrated, anyway. #MasterChefInTraining #TeenHumor ",disgust
"Staring at the clock in class, waiting for the bell to ring like it's the most exciting event of the day. #ClassCountdown #TeenLife ",surprise
"Discovered a new book series and spent the whole night reading. Who needs sleep, anyway? #BookwormLife #LateNightReading ",happy
"Bought a new video game, played for hours, forgot to eat. The ultimate gaming session. #GamerLife #NoFoodGaming ",excitement
Spent the day binge-watching a new series. Productivity level: Zero. #LazyDay #TVSeriesMarathon ,happy
Caught up on the latest fashion trends and now planning a shopping spree. #Fashionista #TrendyTeen ,excitement
Decided to learn a new instrument. Day one: Still trying to figure out how to hold it. #MusicNovice #LearningJourney ,frustration
Spent hours creating the perfect playlist for every mood. Music is my therapy. #PlaylistMaker #TeenMusicLover ,happy
Successfully cooked a gourmet meal for the family. Chef skills unlocked! #ChefMode #TeenChef ,pride
Spontaneously booked a weekend getaway. Adventure awaits! #TravelBug #WeekendEscape ,excitement
Attended a concert and danced the night away. Music is the heartbeat of life. #ConcertVibes #DanceAllNight ,happy
Rediscovered childhood cartoons and had a nostalgia-filled marathon. #CartoonNostalgia #TeenMemories ,happy
Embarked on a DIY home decor project. Let's hope it turns out better than last time. #DIYAdventure #TeenHomeDecor ,excitement
"Spent the afternoon at a museum, pretending to be cultured. Art enthusiast in the making. #MuseumDay #TeenArtLover ",curiosity
Started a blog about random thoughts and musings. Blogging is the new diary. #BloggerLife #TeenBlogger ,curiosity
Relishing a peaceful afternoon with a classic novel. Quiet moments are the best moments. #BookLover #PeacefulAfternoon ,calm
"Reflecting on a lifetime of memories, each wrinkle tells a story. Embracing the beauty of aging. #LifeReflections #BeautyInAging ",gratitude
Exploring the world of digital art. It's never too late to discover new passions. #DigitalArtistry #LateBloomer ,curiosity
Savoring the flavors of a home-cooked meal. Simple joys are the heart of happiness. #HomeCooking #SimpleJoys ,calm
Embarking on a journey of learning a new language. The mind stays young with every new word. #LanguageLearning #NeverTooLate ,curiosity
"Attended a classical music concert, feeling the timeless melodies resonate. Music transcends generations. #ClassicalMusic #TimelessMelodies ",happy
Capturing the beauty of nature through photography. Every snapshot is a treasure. #NaturePhotography #SeniorPhotographer ,happy
"Reconnecting with old friends over a cup of tea. Friendship, the true essence of companionship. #OldFriends #Companionship ",calm
"Embarked on a road trip to revisit cherished places from the past. Nostalgia, the ultimate travel companion. #RoadTrip #NostalgiaTour ",happy
"Joined a community choir, harmonizing with fellow voices. Music creates bonds that withstand time. #CommunityChoir #HarmonyInAging ",happy
"Exploring the art of meditation, finding tranquility in the stillness of the mind. #MeditationJourney #TranquilMind ",calm
"Taking a stroll in the garden, appreciating the beauty of blooming flowers. Nature's wonders never cease. #GardenWalk #FloralBeauty ",calm
"Sipping on a favorite vintage wine, each sip telling a story of the years gone by. Cheers to a life well-lived. #WineLover #VintageCheers ",calm
"Participated in a community art class, unleashing creativity in the golden years. Art has no age limit. #ArtClass #SeniorArtistry ",happy
"Embarking on a journey of writing a memoir, documenting a lifetime of experiences. Every story matters. #MemoirWriting #SeniorStories ",gratitude
"Attended a lecture on history, always fascinated by the lessons from the past. Learning is a lifelong adventure. #HistoryLecture #SeniorLearning ",curiosity
"Rediscovered the joy of cooking traditional family recipes. The kitchen, a place of cherished memories. #FamilyRecipes #SeniorCooking ",calm
"Joined a nature photography club, capturing the beauty of the great outdoors. Every click is a connection to nature. #NaturePhotography #SeniorPhotographer ",happy
"Attended a jazz concert and swayed to the rhythm of timeless tunes. Music, a constant companion in the golden years. #JazzConcert #SeniorMusic ",happy
"Joined a writing group, penning down thoughts and reflections. Writing, a journey into the depths of the soul. #WritingGroup #SeniorWriter ",gratitude
"Embarked on a solo travel adventure, discovering the beauty of new places at my own pace. #SoloTravel #SeniorExplorer ",excitement
"Attended a vintage car show, reminiscing about the classics that once ruled the roads. Nostalgia in every rev. #VintageCars #ClassicRides ",happy
"Started a community garden, growing not just plants but friendships too. Green thumbs unite! #CommunityGarden #SeniorGardener ",happy
"Hosted a family dinner, where laughter echoed louder than the clinking of utensils. Family, the heart of happiness. #FamilyDinner #SeniorHost ",calm
"Enrolled in a dance class for seniors, moving to the rhythm of life. Age is just a number on the dance floor. #DanceClass #SeniorDancer ",happy
"Visited an art gallery, appreciating the brushstrokes that tell tales of creativity. Art, an eternal companion. #ArtGallery #SeniorArtLover ",happy
"Started a book club for seniors, where discussions are as lively as the characters in the novels. #BookClub #SeniorReaders ",happy
"Hosted a picnic in the park, basking in the warmth of friendship and sunshine. Simple joys, timeless memories. #ParkPicnic #SeniorJoy ",calm
"Participated in a local theater production, proving that the stage belongs to every age. #TheaterProduction #SeniorActor ",happy
"Embarked on a hiking adventure, conquering trails and relishing the beauty of nature. Age is just a number on the mountaintop. #HikingAdventure #SeniorHiker ",excitement
Hosted a photography exhibition featuring snapshots of a life well-lived. Every photo has a story to tell. #PhotographyExhibition #SeniorPhotographer ,gratitude
"Joined a seniors' cycling club, feeling the wind in my hair and the freedom of the open road. #CyclingClub #SeniorCyclist ",excitement
"Attended a wine tasting event, savoring the richness of flavors that age like fine wine. Cheers to the golden years! #WineTasting #SeniorWineLover ",happy
"Started learning ballroom dancing, gliding gracefully across the dance floor. Ageless elegance in every step. #BallroomDancing #SeniorDancer ",happy
"Organized a community painting event, turning blank canvases into a masterpiece of shared creativity. #PaintingEvent #SeniorArtist ",happy
"Hosted a 'memory lane' evening with old friends, reminiscing about the adventures that shaped our lives. #MemoryLane #SeniorReminiscing ",gratitude
"Joined a seniors' astronomy club, stargazing and finding wonder in the vastness of the cosmos. #AstronomyClub #SeniorStargazer ",curiosity
"Attended a local jazz festival, tapping toes to the tunes that have stood the test of time. Music, a lifelong love affair. #JazzFestival #SeniorMusicLover ",happy
"Started a blog sharing the wisdom gained through the years, proving that every day is a chance to learn and grow. #SeniorWisdom #Blog ",gratitude
"Participated in a charity run, proving that age is no barrier to supporting meaningful causes. #CharityRun #SeniorRunner ",excitement
"Survived a challenging physics exam. Equations, you won't defeat me! ",calmness
Exploring the world of coding. Debugging is an adventure on its own! #CodingJourney #HighSchoolCoder ,excitement
"Joined the school debate team. Words are my weapons, and I'm ready for battle! ",excitement
"Started a photography club at school. Capturing moments, one snapshot at a time! ",happy
"Daydreaming about the upcoming prom. The dress, the dance ‚Äì it's a fairytale in the making! ",excitement
Convinced the teacher to have class outdoors. Learning equations with a side of fresh air! ,positive
"Accidentally spilled paint in art class. Abstract art, right? #ArtClassAdventures #HighSchoolArtist ",embarrassed
Trying to master the perfect kickflip on my skateboard. Skating into the weekend like a pro! ,excitement
Bonding with friends over the latest K-pop sensation. Fangirling at its finest! ,happy
Spent hours perfecting a chemistry experiment. Mixing potions like a wizard! ,happy
Successfully organized a surprise birthday party for a friend. Party planning expert mode: Achieved! ,happy
"Joined the drama club to unleash my inner actor. Lights, camera, action! ",excitement
Got my hands on the latest fantasy novel. Diving into realms of magic and adventure! ,excitement
Mastering the art of the perfect doodle during boring classes. Doodles: A+! ,happy
Attempting to break the school record for the longest handstand. Wish me luck! ,excitement
Sneaking snacks into class like a pro. The art of snack-smuggling is a sacred skill! ,other
Hosting a sleepover with friends this weekend. Preparing for a night of laughter and memories! ,excitement
"Spent hours on a TikTok dance, only to realize I have two left feet. Dance fail: Unleashed! ",embarrassed
Accidentally liked my crush's old photo while stalking their profile. Awkward level: Maximum! ,embarrassed
Tried to impress my crush with a smooth conversation. Ended up spilling my drink. Smooth level: Nonexistent! ,embarrassed
Mastered the art of creating paper airplanes during lecture. Paper planes: Soaring to new heights! ,happy
Trying to set a new trend by juggling textbooks between classes. Academic juggling: A unique skill! ,excitement
Hiding a snack stash in my backpack for emergency cravings. Snack ninja mode: Activated! ,other
Planning a surprise scavenger hunt for friends. Anticipating the thrill and excitement! ,excitement
Danced in the rain to celebrate the end of exams. Rain dance: Unexpectedly refreshing! ,happy
Accidentally sent a text meant for a friend to the class group chat. Texting fail: Oops moment! ,embarrassed
Tried a magic trick to impress classmates. Magic fail: Where did that rabbit go? ,embarrassed
Perfecting the art of creating origami during a dull lecture. Origami mastery: A+! ,happy
Attempting to set a new record for the most consecutive hacky sack kicks. Hacky sack skills: Unleashed! ,excitement
Creating a secret handshake with friends. Friendship level: Expert! ,happy
Embarking on a mission to find the best burger joint in town. Burger connoisseur: Reporting for duty! ,excitement
Practicing a stand-up comedy routine for the upcoming talent show. Comedy gig: In the making! ,happy
Accidentally sent a love letter to the wrong person. Love note fail: Maximum embarrassment! ,embarrassed
Attempting to impress the teacher with an elaborate science experiment. Science geek mode: Activated! ,excitement
Crafting intricate friendship bracelets for the whole squad. Friendship level: Expert weaver! ,happy
Attempting to beat the record for the most consecutive cartwheels. Cartwheel challenge: Underway! ,excitement
Organizing a movie marathon with friends. Popcorn and cinematic adventures await! ,happy
Experimenting with a new hair color. A bold change for a bold semester! ,excitement
Building a time capsule to capture memories for the future. Time-traveling emotions! ,happy
Accidentally walked into the wrong classroom on the first day. Classroom mix-up: Awkward start! ,embarrassed
Trying out a new smoothie recipe for a healthy start to the week. Smoothie enthusiast: Level up! ,excitement
Reflecting on the challenges of the school year. Feeling a bit overwhelmed with assignments. ,sad
Encountered some mean-spirited comments online. Dealing with online hate is never easy. ,hate
Had a bad day at school. Everything seems to be going wrong. ,bad
Feeling down after not making the sports team. Disappointment lingers. ,sad
Witnessed a heated argument in the cafeteria. Unpleasant atmosphere at lunch. ,hate
Received a not-so-great grade on a major project. Academic frustration setting in. ,bad
Dealing with a personal setback. Sometimes life throws unexpected challenges. ,sad
Feeling lonely on a Saturday night. Sometimes solitude hits harder than expected. ,sad
Experiencing cyberbullying. Hateful messages online are disheartening. ,hate
Caught in a torrential rainstorm without an umbrella. Today's weather is just bad luck. ,bad
Missing an important event due to unforeseen circumstances. A day filled with sadness. ,sad
Dealing with unfounded rumors circulating about personal life. Rumors can be hurtful. ,hate
Got a flat tire on the way to an important meeting. Talk about a series of bad events! ,bad
Feeling a sense of emptiness after a close friend moves away. Farewells are always sad. ,sad
Facing rejection from a dream college. Disheartened but determined to explore other paths. ,sad
Encountering online toxicity during a gaming session. Hateful comments can ruin the fun. ,hate
Having a bad hair day and feeling self-conscious. Bad hair days can affect confidence. ,bad
Feeling a sense of despair after a major project failure. Hard work didn't pay off this time. ,sad
Experiencing hate comments for expressing personal opinions. Online negativity prevails. ,hate
Having a string of bad luck with constant technology malfunctions. Tech troubles galore! ,bad
Missing out on a long-anticipated event due to unexpected circumstances. A day filled with sadness. ,sad
Trying out a new study technique for upcoming exams. Exploring different learning strategies. ,neutral
Organizing a community cleanup event for a cleaner neighborhood. Promoting environmental awareness. ,neutral
Sharing favorite book recommendations with classmates. Building a mini book club. ,neutral
Experimenting with a new recipe for a school bake sale. Baking adventures in the kitchen. ,neutral
Collaborating on a school project with peers. Teamwork makes the dream work. ,neutral
Attending a school club meeting to explore new interests. Dabbling in extracurricular activities. ,neutral
Exploring a new part-time job opportunity for gaining work experience. Career development in progress. ,neutral
Attending a school assembly to stay informed about upcoming events and announcements. Staying connected with school activities. ,neutral
Exploring a new hobby of photography during free time. Capturing moments through a lens. ,neutral
Participating in a science fair to showcase a unique experiment. Sharing knowledge with peers. ,neutral
Attending a workshop on time management to enhance organizational skills. Striving for efficiency. ,neutral
Volunteering at a local charity event to give back to the community. Contributing to social causes. ,neutral
Collaborating on a group project to promote teamwork and shared responsibilities. Group effort in action. ,neutral
Participating in a debate club to enhance critical thinking and communication skills. Intellectual engagement in progress. ,neutral
Celebrating a friend's birthday with a surprise party. Joyful moments and laughter all around! ,happy
Successfully completing a challenging coding project. Excitement for overcoming coding hurdles! ,happy
Attending a school talent show to support classmates. Applauding the diverse talents on display! ,happy
"Exploring a new hiking trail with friends over the weekend. Nature, laughter, and good vibes! ",happy
Winning a friendly sports competition against rival schools. Victory celebrations in full swing! ,happy
Receiving a heartfelt letter from a pen pal in another country. Connecting across the globe! ,happy
Creating a beautiful mural with fellow art enthusiasts. The power of collaboration and creativity! ,happy
Participating in a school-wide art exhibition. Witnessing creativity and spreading positive vibes! ,happy
Achieving a personal best in a track and field competition. The thrill of victory and self-improvement! ,happy
Collaborating on a science project that received recognition at a regional fair. Science triumphs and smiles! ,happy
"Attending a surprise birthday party organized by friends. Surrounded by love, laughter, and good company! ",happy
Successfully fundraising for a school charity initiative. The joy of giving back to the community! ,happy
"Participating in a multicultural festival, celebrating diversity with music, dance, and delicious food! ",happy
"Organizing a virtual talent show during challenging times, bringing smiles to classmates' faces! ",happy
